num_arms,n_arm,d1,d2,d3,d4,period_blocks,mu0,sigma,theta1,theta2,theta3,theta4,lambda0,lambda1,lambda2,lambda3,lambda4,trend,N_peak,alpha,prec_theta,prec_eta,tau_a,tau_b,tau_case,prec_a,prec_b,bucket_size,opt,prior_prec_tau,prior_prec_eta,n_samples,n_chains,n_iter,n_adapt,robustify,weight,trend_mean,trend_var,ncc,study_arm,model,reject_h0,bias,MSE,failed,nsim
4,250,0,300,300,800,2,0,1,0.25,0.25,0.25,0.25,0.15,0.15,0.15,0.15,0.15,linear,NA,0.025,0.001,0.001,1.0991208017965741,1.0991208017965742e-4,reasonable,0.001,0.001,25,2,0.002,1,1000,4,4000,1000,TRUE,0.1,0,0.5,TRUE,4,fixmodel,0.8357,-5.557408759182545e-4,0.007149885933568735,0,10000
4,250,0,300,300,800,2,0,1,0.25,0.25,0.25,0.25,0.15,0.15,0.15,0.15,0.15,linear,NA,0.025,0.001,0.001,1.0991208017965741,1.0991208017965742e-4,reasonable,0.001,0.001,25,2,0.002,1,1000,4,4000,1000,TRUE,0.1,0,0.5,TRUE,4,MAPpriorNew,0.8618,0.013593029984454226,0.007239747998444602,0,10000
4,250,0,300,300,800,2,0,1,0.25,0.25,0.25,0.25,0.15,0.15,0.15,0.15,0.15,linear,NA,0.025,0.001,0.001,1.0991208017965741,1.0991208017965742e-4,reasonable,0.001,0.001,25,2,0.002,1,1000,4,4000,1000,TRUE,0.1,0,0.5,TRUE,4,poolmodel,0.9701,0.045586079495802435,0.007957701851107479,0,10000
4,250,0,300,300,800,2,0,1,0.25,0.25,0.25,0.25,0.15,0.15,0.15,0.15,0.15,linear,NA,0.025,0.001,0.001,1.0991208017965741,1.0991208017965742e-4,reasonable,0.001,0.001,25,2,0.002,1,1000,4,4000,1000,TRUE,0.1,0,0.5,TRUE,4,sepmodel,0.8002,-5.626795959591843e-5,0.007916426866375273,0,10000
4,250,0,300,300,800,2,0,1,0.25,0.25,0.25,0.25,0.15,0.15,0.15,0.15,0.15,linear,NA,0.025,0.001,0.001,1.0991208017965741,1.0991208017965742e-4,reasonable,0.001,0.001,25,2,0.002,1,1000,4,4000,1000,TRUE,0.1,0,0.5,TRUE,4,timemachine,0.8815,0.010663474283338447,0.006814816760614512,0,10000
4,250,0,300,425,800,2,0,1,0.25,0.25,0.25,0.25,0.15,0.15,0.15,0.15,0.15,linear,NA,0.025,0.001,0.001,1.0991208017965741,1.0991208017965742e-4,reasonable,0.001,0.001,25,2,0.002,1,1000,4,4000,1000,TRUE,0.1,0,0.5,TRUE,4,fixmodel,0.8392,-0.0011716892376931174,0.0070939719979553825,0,10000
4,250,0,300,425,800,2,0,1,0.25,0.25,0.25,0.25,0.15,0.15,0.15,0.15,0.15,linear,NA,0.025,0.001,0.001,1.0991208017965741,1.0991208017965742e-4,reasonable,0.001,0.001,25,2,0.002,1,1000,4,4000,1000,TRUE,0.1,0,0.5,TRUE,4,MAPpriorNew,0.8666,0.014789001857604232,0.007113825120187783,0,10000
4,250,0,300,425,800,2,0,1,0.25,0.25,0.25,0.25,0.15,0.15,0.15,0.15,0.15,linear,NA,0.025,0.001,0.001,1.0991208017965741,1.0991208017965742e-4,reasonable,0.001,0.001,25,2,0.002,1,1000,4,4000,1000,TRUE,0.1,0,0.5,TRUE,4,poolmodel,0.9734,0.04630700789034305,0.007922440228980124,0,10000
4,250,0,300,425,800,2,0,1,0.25,0.25,0.25,0.25,0.15,0.15,0.15,0.15,0.15,linear,NA,0.025,0.001,0.001,1.0991208017965741,1.0991208017965742e-4,reasonable,0.001,0.001,25,2,0.002,1,1000,4,4000,1000,TRUE,0.1,0,0.5,TRUE,4,sepmodel,0.7948,-0.001612424821301021,0.007899436651706133,0,10000
4,250,0,300,425,800,2,0,1,0.25,0.25,0.25,0.25,0.15,0.15,0.15,0.15,0.15,linear,NA,0.025,0.001,0.001,1.0991208017965741,1.0991208017965742e-4,reasonable,0.001,0.001,25,2,0.002,1,1000,4,4000,1000,TRUE,0.1,0,0.5,TRUE,4,timemachine,0.8805,0.01044156820302302,0.006718449893759596,0,10000
4,250,0,300,550,800,2,0,1,0.25,0.25,0.25,0.25,0.15,0.15,0.15,0.15,0.15,linear,NA,0.025,0.001,0.001,1.0991208017965741,1.0991208017965742e-4,reasonable,0.001,0.001,25,2,0.002,1,1000,4,4000,1000,TRUE,0.1,0,0.5,TRUE,4,fixmodel,0.8396,9.018186134249216e-4,0.007110415540843985,0,10000
4,250,0,300,550,800,2,0,1,0.25,0.25,0.25,0.25,0.15,0.15,0.15,0.15,0.15,linear,NA,0.025,0.001,0.001,1.0991208017965741,1.0991208017965742e-4,reasonable,0.001,0.001,25,2,0.002,1,1000,4,4000,1000,TRUE,0.1,0,0.5,TRUE,4,MAPpriorNew,0.8722,0.016294382915859322,0.007150903036715728,0,10000
4,250,0,300,550,800,2,0,1,0.25,0.25,0.25,0.25,0.15,0.15,0.15,0.15,0.15,linear,NA,0.025,0.001,0.001,1.0991208017965741,1.0991208017965742e-4,reasonable,0.001,0.001,25,2,0.002,1,1000,4,4000,1000,TRUE,0.1,0,0.5,TRUE,4,poolmodel,0.973,0.04710378151674004,0.007966841513434889,0,10000
4,250,0,300,550,800,2,0,1,0.25,0.25,0.25,0.25,0.15,0.15,0.15,0.15,0.15,linear,NA,0.025,0.001,0.001,1.0991208017965741,1.0991208017965742e-4,reasonable,0.001,0.001,25,2,0.002,1,1000,4,4000,1000,TRUE,0.1,0,0.5,TRUE,4,sepmodel,0.8007,4.525485290257473e-4,0.007871667979763967,0,10000
4,250,0,300,550,800,2,0,1,0.25,0.25,0.25,0.25,0.15,0.15,0.15,0.15,0.15,linear,NA,0.025,0.001,0.001,1.0991208017965741,1.0991208017965742e-4,reasonable,0.001,0.001,25,2,0.002,1,1000,4,4000,1000,TRUE,0.1,0,0.5,TRUE,4,timemachine,0.8824,0.011789506067467155,0.00677203782765621,0,10000
4,250,0,300,675,800,2,0,1,0.25,0.25,0.25,0.25,0.15,0.15,0.15,0.15,0.15,linear,NA,0.025,0.001,0.001,1.0991208017965741,1.0991208017965742e-4,reasonable,0.001,0.001,25,2,0.002,1,1000,4,4000,1000,TRUE,0.1,0,0.5,TRUE,4,fixmodel,0.8252,-7.891747453662049e-4,0.007301713609052155,0,10000
4,250,0,300,675,800,2,0,1,0.25,0.25,0.25,0.25,0.15,0.15,0.15,0.15,0.15,linear,NA,0.025,0.001,0.001,1.0991208017965741,1.0991208017965742e-4,reasonable,0.001,0.001,25,2,0.002,1,1000,4,4000,1000,TRUE,0.1,0,0.5,TRUE,4,MAPpriorNew,0.8681,0.015709582449372796,0.007118564460237099,0,10000
4,250,0,300,675,800,2,0,1,0.25,0.25,0.25,0.25,0.15,0.15,0.15,0.15,0.15,linear,NA,0.025,0.001,0.001,1.0991208017965741,1.0991208017965742e-4,reasonable,0.001,0.001,25,2,0.002,1,1000,4,4000,1000,TRUE,0.1,0,0.5,TRUE,4,poolmodel,0.9753,0.045871453224795904,0.007880515324555665,0,10000
4,250,0,300,675,800,2,0,1,0.25,0.25,0.25,0.25,0.15,0.15,0.15,0.15,0.15,linear,NA,0.025,0.001,0.001,1.0991208017965741,1.0991208017965742e-4,reasonable,0.001,0.001,25,2,0.002,1,1000,4,4000,1000,TRUE,0.1,0,0.5,TRUE,4,sepmodel,0.79,-5.765326275127002e-4,0.007954370258740644,0,10000
4,250,0,300,675,800,2,0,1,0.25,0.25,0.25,0.25,0.15,0.15,0.15,0.15,0.15,linear,NA,0.025,0.001,0.001,1.0991208017965741,1.0991208017965742e-4,reasonable,0.001,0.001,25,2,0.002,1,1000,4,4000,1000,TRUE,0.1,0,0.5,TRUE,4,timemachine,0.8748,0.010431056879596693,0.006886507382494506,0,10000
4,250,0,300,800,800,2,0,1,0.25,0.25,0.25,0.25,0.15,0.15,0.15,0.15,0.15,linear,NA,0.025,0.001,0.001,1.0991208017965741,1.0991208017965742e-4,reasonable,0.001,0.001,25,2,0.002,1,1000,4,4000,1000,TRUE,0.1,0,0.5,TRUE,4,fixmodel,0.8174,2.375363315489104e-4,0.0077207231122192,0,10000
4,250,0,300,800,800,2,0,1,0.25,0.25,0.25,0.25,0.15,0.15,0.15,0.15,0.15,linear,NA,0.025,0.001,0.001,1.0991208017965741,1.0991208017965742e-4,reasonable,0.001,0.001,25,2,0.002,1,1000,4,4000,1000,TRUE,0.1,0,0.5,TRUE,4,MAPpriorNew,0.8691,0.015313573732586098,0.007248795134963589,0,10000
4,250,0,300,800,800,2,0,1,0.25,0.25,0.25,0.25,0.15,0.15,0.15,0.15,0.15,linear,NA,0.025,0.001,0.001,1.0991208017965741,1.0991208017965742e-4,reasonable,0.001,0.001,25,2,0.002,1,1000,4,4000,1000,TRUE,0.1,0,0.5,TRUE,4,poolmodel,0.9734,0.04536240674254913,0.007840371160799832,0,10000
4,250,0,300,800,800,2,0,1,0.25,0.25,0.25,0.25,0.15,0.15,0.15,0.15,0.15,linear,NA,0.025,0.001,0.001,1.0991208017965741,1.0991208017965742e-4,reasonable,0.001,0.001,25,2,0.002,1,1000,4,4000,1000,TRUE,0.1,0,0.5,TRUE,4,sepmodel,0.7946,2.390724762731386e-4,0.008092817629928504,0,10000
4,250,0,300,800,800,2,0,1,0.25,0.25,0.25,0.25,0.15,0.15,0.15,0.15,0.15,linear,NA,0.025,0.001,0.001,1.0991208017965741,1.0991208017965742e-4,reasonable,0.001,0.001,25,2,0.002,1,1000,4,4000,1000,TRUE,0.1,0,0.5,TRUE,4,timemachine,0.8785,0.01161084845910289,0.006994690487308463,0,10000
4,250,0,300,300,800,2,0,1,0.25,0.25,0.25,0.25,0.15,0.15,0.15,0.15,0.15,stepwise_2,NA,0.025,0.001,0.001,1.0991208017965741,1.0991208017965742e-4,reasonable,0.001,0.001,25,2,0.002,1,1000,4,4000,1000,TRUE,0.1,0,0.5,TRUE,4,fixmodel,0.8399,-5.171890461273788e-4,0.007201425964718266,0,10000
4,250,0,300,300,800,2,0,1,0.25,0.25,0.25,0.25,0.15,0.15,0.15,0.15,0.15,stepwise_2,NA,0.025,0.001,0.001,1.0991208017965741,1.0991208017965742e-4,reasonable,0.001,0.001,25,2,0.002,1,1000,4,4000,1000,TRUE,0.1,0,0.5,TRUE,4,MAPpriorNew,0.8317,0.01233563612698161,0.008325584607885229,0,10000
4,250,0,300,300,800,2,0,1,0.25,0.25,0.25,0.25,0.15,0.15,0.15,0.15,0.15,stepwise_2,NA,0.025,0.001,0.001,1.0991208017965741,1.0991208017965742e-4,reasonable,0.001,0.001,25,2,0.002,1,1000,4,4000,1000,TRUE,0.1,0,0.5,TRUE,4,poolmodel,0.9997,0.16398170617335264,0.03276876327839057,0,10000
4,250,0,300,300,800,2,0,1,0.25,0.25,0.25,0.25,0.15,0.15,0.15,0.15,0.15,stepwise_2,NA,0.025,0.001,0.001,1.0991208017965741,1.0991208017965742e-4,reasonable,0.001,0.001,25,2,0.002,1,1000,4,4000,1000,TRUE,0.1,0,0.5,TRUE,4,sepmodel,0.7921,-7.326550533921169e-4,0.00809619665267077,0,10000
4,250,0,300,300,800,2,0,1,0.25,0.25,0.25,0.25,0.15,0.15,0.15,0.15,0.15,stepwise_2,NA,0.025,0.001,0.001,1.0991208017965741,1.0991208017965742e-4,reasonable,0.001,0.001,25,2,0.002,1,1000,4,4000,1000,TRUE,0.1,0,0.5,TRUE,4,timemachine,0.9252,0.03880163313984347,0.008256421625857782,0,10000
4,250,0,300,425,800,2,0,1,0.25,0.25,0.25,0.25,0.15,0.15,0.15,0.15,0.15,stepwise_2,NA,0.025,0.001,0.001,1.0991208017965741,1.0991208017965742e-4,reasonable,0.001,0.001,25,2,0.002,1,1000,4,4000,1000,TRUE,0.1,0,0.5,TRUE,4,fixmodel,0.8374,3.8189960972704603e-4,0.0073265736540233705,0,10000
4,250,0,300,425,800,2,0,1,0.25,0.25,0.25,0.25,0.15,0.15,0.15,0.15,0.15,stepwise_2,NA,0.025,0.001,0.001,1.0991208017965741,1.0991208017965742e-4,reasonable,0.001,0.001,25,2,0.002,1,1000,4,4000,1000,TRUE,0.1,0,0.5,TRUE,4,MAPpriorNew,0.8432,0.018046770182027,0.008615814245947281,0,10000
4,250,0,300,425,800,2,0,1,0.25,0.25,0.25,0.25,0.15,0.15,0.15,0.15,0.15,stepwise_2,NA,0.025,0.001,0.001,1.0991208017965741,1.0991208017965742e-4,reasonable,0.001,0.001,25,2,0.002,1,1000,4,4000,1000,TRUE,0.1,0,0.5,TRUE,4,poolmodel,0.9998,0.1752064263296342,0.03663853901987815,0,10000
4,250,0,300,425,800,2,0,1,0.25,0.25,0.25,0.25,0.15,0.15,0.15,0.15,0.15,stepwise_2,NA,0.025,0.001,0.001,1.0991208017965741,1.0991208017965742e-4,reasonable,0.001,0.001,25,2,0.002,1,1000,4,4000,1000,TRUE,0.1,0,0.5,TRUE,4,sepmodel,0.7969,8.429042265552561e-4,0.008146110121477016,0,10000
4,250,0,300,425,800,2,0,1,0.25,0.25,0.25,0.25,0.15,0.15,0.15,0.15,0.15,stepwise_2,NA,0.025,0.001,0.001,1.0991208017965741,1.0991208017965742e-4,reasonable,0.001,0.001,25,2,0.002,1,1000,4,4000,1000,TRUE,0.1,0,0.5,TRUE,4,timemachine,0.9213,0.03901800763690177,0.008413997452686759,0,10000
4,250,0,300,550,800,2,0,1,0.25,0.25,0.25,0.25,0.15,0.15,0.15,0.15,0.15,stepwise_2,NA,0.025,0.001,0.001,1.0991208017965741,1.0991208017965742e-4,reasonable,0.001,0.001,25,2,0.002,1,1000,4,4000,1000,TRUE,0.1,0,0.5,TRUE,4,fixmodel,0.837,-6.422086865735293e-4,0.007052736467325113,0,10000
4,250,0,300,550,800,2,0,1,0.25,0.25,0.25,0.25,0.15,0.15,0.15,0.15,0.15,stepwise_2,NA,0.025,0.001,0.001,1.0991208017965741,1.0991208017965742e-4,reasonable,0.001,0.001,25,2,0.002,1,1000,4,4000,1000,TRUE,0.1,0,0.5,TRUE,4,MAPpriorNew,0.8398,0.016007748396068954,0.008293634065012106,0,10000
4,250,0,300,550,800,2,0,1,0.25,0.25,0.25,0.25,0.15,0.15,0.15,0.15,0.15,stepwise_2,NA,0.025,0.001,0.001,1.0991208017965741,1.0991208017965742e-4,reasonable,0.001,0.001,25,2,0.002,1,1000,4,4000,1000,TRUE,0.1,0,0.5,TRUE,4,poolmodel,1,0.18527030617562176,0.04002787717571577,0,10000
4,250,0,300,550,800,2,0,1,0.25,0.25,0.25,0.25,0.15,0.15,0.15,0.15,0.15,stepwise_2,NA,0.025,0.001,0.001,1.0991208017965741,1.0991208017965742e-4,reasonable,0.001,0.001,25,2,0.002,1,1000,4,4000,1000,TRUE,0.1,0,0.5,TRUE,4,sepmodel,0.7942,-6.498880502590449e-4,0.007866869855432996,0,10000
4,250,0,300,550,800,2,0,1,0.25,0.25,0.25,0.25,0.15,0.15,0.15,0.15,0.15,stepwise_2,NA,0.025,0.001,0.001,1.0991208017965741,1.0991208017965742e-4,reasonable,0.001,0.001,25,2,0.002,1,1000,4,4000,1000,TRUE,0.1,0,0.5,TRUE,4,timemachine,0.923,0.04078504407256722,0.00832021307183007,0,10000
4,250,0,300,675,800,2,0,1,0.25,0.25,0.25,0.25,0.15,0.15,0.15,0.15,0.15,stepwise_2,NA,0.025,0.001,0.001,1.0991208017965741,1.0991208017965742e-4,reasonable,0.001,0.001,25,2,0.002,1,1000,4,4000,1000,TRUE,0.1,0,0.5,TRUE,4,fixmodel,0.8311,1.1799277468797381e-4,0.007331610929499582,0,10000
4,250,0,300,675,800,2,0,1,0.25,0.25,0.25,0.25,0.15,0.15,0.15,0.15,0.15,stepwise_2,NA,0.025,0.001,0.001,1.0991208017965741,1.0991208017965742e-4,reasonable,0.001,0.001,25,2,0.002,1,1000,4,4000,1000,TRUE,0.1,0,0.5,TRUE,4,MAPpriorNew,0.8414,0.01825073180593709,0.008649533912791114,0,10000
4,250,0,300,675,800,2,0,1,0.25,0.25,0.25,0.25,0.15,0.15,0.15,0.15,0.15,stepwise_2,NA,0.025,0.001,0.001,1.0991208017965741,1.0991208017965742e-4,reasonable,0.001,0.001,25,2,0.002,1,1000,4,4000,1000,TRUE,0.1,0,0.5,TRUE,4,poolmodel,1,0.19881951507025483,0.04520979746710558,0,10000
4,250,0,300,675,800,2,0,1,0.25,0.25,0.25,0.25,0.15,0.15,0.15,0.15,0.15,stepwise_2,NA,0.025,0.001,0.001,1.0991208017965741,1.0991208017965742e-4,reasonable,0.001,0.001,25,2,0.002,1,1000,4,4000,1000,TRUE,0.1,0,0.5,TRUE,4,sepmodel,0.795,-4.7584307050002974e-5,0.008012344221216536,0,10000
4,250,0,300,675,800,2,0,1,0.25,0.25,0.25,0.25,0.15,0.15,0.15,0.15,0.15,stepwise_2,NA,0.025,0.001,0.001,1.0991208017965741,1.0991208017965742e-4,reasonable,0.001,0.001,25,2,0.002,1,1000,4,4000,1000,TRUE,0.1,0,0.5,TRUE,4,timemachine,0.9287,0.04747455386440916,0.009130706095972252,0,10000
4,250,0,300,800,800,2,0,1,0.25,0.25,0.25,0.25,0.15,0.15,0.15,0.15,0.15,stepwise_2,NA,0.025,0.001,0.001,1.0991208017965741,1.0991208017965742e-4,reasonable,0.001,0.001,25,2,0.002,1,1000,4,4000,1000,TRUE,0.1,0,0.5,TRUE,4,fixmodel,0.8203,3.706299039177133e-4,0.007470809050008191,0,10000
4,250,0,300,800,800,2,0,1,0.25,0.25,0.25,0.25,0.15,0.15,0.15,0.15,0.15,stepwise_2,NA,0.025,0.001,0.001,1.0991208017965741,1.0991208017965742e-4,reasonable,0.001,0.001,25,2,0.002,1,1000,4,4000,1000,TRUE,0.1,0,0.5,TRUE,4,MAPpriorNew,0.839,0.0167603752380888,0.008518952779551687,0,10000
4,250,0,300,800,800,2,0,1,0.25,0.25,0.25,0.25,0.15,0.15,0.15,0.15,0.15,stepwise_2,NA,0.025,0.001,0.001,1.0991208017965741,1.0991208017965742e-4,reasonable,0.001,0.001,25,2,0.002,1,1000,4,4000,1000,TRUE,0.1,0,0.5,TRUE,4,poolmodel,0.9999,0.21270249383989845,0.05084553466553793,0,10000
4,250,0,300,800,800,2,0,1,0.25,0.25,0.25,0.25,0.15,0.15,0.15,0.15,0.15,stepwise_2,NA,0.025,0.001,0.001,1.0991208017965741,1.0991208017965742e-4,reasonable,0.001,0.001,25,2,0.002,1,1000,4,4000,1000,TRUE,0.1,0,0.5,TRUE,4,sepmodel,0.797,3.2799176209946564e-4,0.00787978416963895,0,10000
4,250,0,300,800,800,2,0,1,0.25,0.25,0.25,0.25,0.15,0.15,0.15,0.15,0.15,stepwise_2,NA,0.025,0.001,0.001,1.0991208017965741,1.0991208017965742e-4,reasonable,0.001,0.001,25,2,0.002,1,1000,4,4000,1000,TRUE,0.1,0,0.5,TRUE,4,timemachine,0.9511,0.0652995737068126,0.011053297415437712,0,10000
4,250,0,300,300,800,2,0,1,0.25,0.25,0.25,0.25,0.15,0.15,0.15,0.15,0.15,inv_u,767,0.025,0.001,0.001,1.0991208017965741,1.0991208017965742e-4,reasonable,0.001,0.001,25,2,0.002,1,1000,4,4000,1000,TRUE,0.1,0,0.5,TRUE,4,fixmodel,0.84,-6.579661216377868e-5,0.007145078437265166,0,10000
4,250,0,300,300,800,2,0,1,0.25,0.25,0.25,0.25,0.15,0.15,0.15,0.15,0.15,inv_u,767,0.025,0.001,0.001,1.0991208017965741,1.0991208017965742e-4,reasonable,0.001,0.001,25,2,0.002,1,1000,4,4000,1000,TRUE,0.1,0,0.5,TRUE,4,MAPpriorNew,0.8382,-0.001030010885911411,0.00681435462347703,0,10000
4,250,0,300,300,800,2,0,1,0.25,0.25,0.25,0.25,0.15,0.15,0.15,0.15,0.15,inv_u,767,0.025,0.001,0.001,1.0991208017965741,1.0991208017965742e-4,reasonable,0.001,0.001,25,2,0.002,1,1000,4,4000,1000,TRUE,0.1,0,0.5,TRUE,4,poolmodel,0.8985,-0.0022816143197241065,0.0058384957859219586,0,10000
4,250,0,300,300,800,2,0,1,0.25,0.25,0.25,0.25,0.15,0.15,0.15,0.15,0.15,inv_u,767,0.025,0.001,0.001,1.0991208017965741,1.0991208017965742e-4,reasonable,0.001,0.001,25,2,0.002,1,1000,4,4000,1000,TRUE,0.1,0,0.5,TRUE,4,sepmodel,0.8011,1.7923849724741205e-4,0.007944896733621223,0,10000
4,250,0,300,300,800,2,0,1,0.25,0.25,0.25,0.25,0.15,0.15,0.15,0.15,0.15,inv_u,767,0.025,0.001,0.001,1.0991208017965741,1.0991208017965742e-4,reasonable,0.001,0.001,25,2,0.002,1,1000,4,4000,1000,TRUE,0.1,0,0.5,TRUE,4,timemachine,0.8473,-0.0038712511722397485,0.006648142949522347,0,10000
4,250,0,300,425,800,2,0,1,0.25,0.25,0.25,0.25,0.15,0.15,0.15,0.15,0.15,inv_u,774,0.025,0.001,0.001,1.0991208017965741,1.0991208017965742e-4,reasonable,0.001,0.001,25,2,0.002,1,1000,4,4000,1000,TRUE,0.1,0,0.5,TRUE,4,fixmodel,0.8372,5.182223608248101e-4,0.00726703565444506,0,10000
4,250,0,300,425,800,2,0,1,0.25,0.25,0.25,0.25,0.15,0.15,0.15,0.15,0.15,inv_u,774,0.025,0.001,0.001,1.0991208017965741,1.0991208017965742e-4,reasonable,0.001,0.001,25,2,0.002,1,1000,4,4000,1000,TRUE,0.1,0,0.5,TRUE,4,MAPpriorNew,0.845,-9.047583582128454e-4,0.006819335782269111,0,10000
4,250,0,300,425,800,2,0,1,0.25,0.25,0.25,0.25,0.15,0.15,0.15,0.15,0.15,inv_u,774,0.025,0.001,0.001,1.0991208017965741,1.0991208017965742e-4,reasonable,0.001,0.001,25,2,0.002,1,1000,4,4000,1000,TRUE,0.1,0,0.5,TRUE,4,poolmodel,0.8978,-0.0018575754141371083,0.0060058825564661454,0,10000
4,250,0,300,425,800,2,0,1,0.25,0.25,0.25,0.25,0.15,0.15,0.15,0.15,0.15,inv_u,774,0.025,0.001,0.001,1.0991208017965741,1.0991208017965742e-4,reasonable,0.001,0.001,25,2,0.002,1,1000,4,4000,1000,TRUE,0.1,0,0.5,TRUE,4,sepmodel,0.7958,4.794760081626248e-4,0.008090333828269911,0,10000
4,250,0,300,425,800,2,0,1,0.25,0.25,0.25,0.25,0.15,0.15,0.15,0.15,0.15,inv_u,774,0.025,0.001,0.001,1.0991208017965741,1.0991208017965742e-4,reasonable,0.001,0.001,25,2,0.002,1,1000,4,4000,1000,TRUE,0.1,0,0.5,TRUE,4,timemachine,0.8442,-0.0029181492441509855,0.006829795678224506,0,10000
4,250,0,300,550,800,2,0,1,0.25,0.25,0.25,0.25,0.15,0.15,0.15,0.15,0.15,inv_u,781,0.025,0.001,0.001,1.0991208017965741,1.0991208017965742e-4,reasonable,0.001,0.001,25,2,0.002,1,1000,4,4000,1000,TRUE,0.1,0,0.5,TRUE,4,fixmodel,0.8387,7.936354909687099e-5,0.007057665529579161,0,10000
4,250,0,300,550,800,2,0,1,0.25,0.25,0.25,0.25,0.15,0.15,0.15,0.15,0.15,inv_u,781,0.025,0.001,0.001,1.0991208017965741,1.0991208017965742e-4,reasonable,0.001,0.001,25,2,0.002,1,1000,4,4000,1000,TRUE,0.1,0,0.5,TRUE,4,MAPpriorNew,0.846,-0.0011622486356027667,0.006538365819934717,0,10000
4,250,0,300,550,800,2,0,1,0.25,0.25,0.25,0.25,0.15,0.15,0.15,0.15,0.15,inv_u,781,0.025,0.001,0.001,1.0991208017965741,1.0991208017965742e-4,reasonable,0.001,0.001,25,2,0.002,1,1000,4,4000,1000,TRUE,0.1,0,0.5,TRUE,4,poolmodel,0.9078,-0.0013310310074770636,0.005678956449228015,0,10000
4,250,0,300,550,800,2,0,1,0.25,0.25,0.25,0.25,0.15,0.15,0.15,0.15,0.15,inv_u,781,0.025,0.001,0.001,1.0991208017965741,1.0991208017965742e-4,reasonable,0.001,0.001,25,2,0.002,1,1000,4,4000,1000,TRUE,0.1,0,0.5,TRUE,4,sepmodel,0.7998,-2.69889174126631e-5,0.007823906261268481,0,10000
4,250,0,300,550,800,2,0,1,0.25,0.25,0.25,0.25,0.15,0.15,0.15,0.15,0.15,inv_u,781,0.025,0.001,0.001,1.0991208017965741,1.0991208017965742e-4,reasonable,0.001,0.001,25,2,0.002,1,1000,4,4000,1000,TRUE,0.1,0,0.5,TRUE,4,timemachine,0.8538,-0.002418638054817115,0.006600727614772873,0,10000
4,250,0,300,675,800,2,0,1,0.25,0.25,0.25,0.25,0.15,0.15,0.15,0.15,0.15,inv_u,790,0.025,0.001,0.001,1.0991208017965741,1.0991208017965742e-4,reasonable,0.001,0.001,25,2,0.002,1,1000,4,4000,1000,TRUE,0.1,0,0.5,TRUE,4,fixmodel,0.8315,3.216538834897392e-4,0.007311010484347159,0,10000
4,250,0,300,675,800,2,0,1,0.25,0.25,0.25,0.25,0.15,0.15,0.15,0.15,0.15,inv_u,790,0.025,0.001,0.001,1.0991208017965741,1.0991208017965742e-4,reasonable,0.001,0.001,25,2,0.002,1,1000,4,4000,1000,TRUE,0.1,0,0.5,TRUE,4,MAPpriorNew,0.8447,-9.485470001500265e-4,0.006633436555752407,0,10000
4,250,0,300,675,800,2,0,1,0.25,0.25,0.25,0.25,0.15,0.15,0.15,0.15,0.15,inv_u,790,0.025,0.001,0.001,1.0991208017965741,1.0991208017965742e-4,reasonable,0.001,0.001,25,2,0.002,1,1000,4,4000,1000,TRUE,0.1,0,0.5,TRUE,4,poolmodel,0.9073,-0.0012060864422863153,0.005758895580472654,0,10000
4,250,0,300,675,800,2,0,1,0.25,0.25,0.25,0.25,0.15,0.15,0.15,0.15,0.15,inv_u,790,0.025,0.001,0.001,1.0991208017965741,1.0991208017965742e-4,reasonable,0.001,0.001,25,2,0.002,1,1000,4,4000,1000,TRUE,0.1,0,0.5,TRUE,4,sepmodel,0.7929,2.567902833612055e-4,0.0079896262523274,0,10000
4,250,0,300,675,800,2,0,1,0.25,0.25,0.25,0.25,0.15,0.15,0.15,0.15,0.15,inv_u,790,0.025,0.001,0.001,1.0991208017965741,1.0991208017965742e-4,reasonable,0.001,0.001,25,2,0.002,1,1000,4,4000,1000,TRUE,0.1,0,0.5,TRUE,4,timemachine,0.8403,-0.0033188004253129,0.006756858773210927,0,10000
4,250,0,300,800,800,2,0,1,0.25,0.25,0.25,0.25,0.15,0.15,0.15,0.15,0.15,inv_u,800,0.025,0.001,0.001,1.0991208017965741,1.0991208017965742e-4,reasonable,0.001,0.001,25,2,0.002,1,1000,4,4000,1000,TRUE,0.1,0,0.5,TRUE,4,fixmodel,0.8225,8.720611653404276e-4,0.00760362966937025,0,10000
4,250,0,300,800,800,2,0,1,0.25,0.25,0.25,0.25,0.15,0.15,0.15,0.15,0.15,inv_u,800,0.025,0.001,0.001,1.0991208017965741,1.0991208017965742e-4,reasonable,0.001,0.001,25,2,0.002,1,1000,4,4000,1000,TRUE,0.1,0,0.5,TRUE,4,MAPpriorNew,0.8534,1.7815334451448195e-4,0.006615807959104259,0,10000
4,250,0,300,800,800,2,0,1,0.25,0.25,0.25,0.25,0.15,0.15,0.15,0.15,0.15,inv_u,800,0.025,0.001,0.001,1.0991208017965741,1.0991208017965742e-4,reasonable,0.001,0.001,25,2,0.002,1,1000,4,4000,1000,TRUE,0.1,0,0.5,TRUE,4,poolmodel,0.9151,-5.73096372518101e-4,0.005581018660865782,0,10000
4,250,0,300,800,800,2,0,1,0.25,0.25,0.25,0.25,0.15,0.15,0.15,0.15,0.15,inv_u,800,0.025,0.001,0.001,1.0991208017965741,1.0991208017965742e-4,reasonable,0.001,0.001,25,2,0.002,1,1000,4,4000,1000,TRUE,0.1,0,0.5,TRUE,4,sepmodel,0.8018,9.324216614290166e-4,0.008020297419764007,0,10000
4,250,0,300,800,800,2,0,1,0.25,0.25,0.25,0.25,0.15,0.15,0.15,0.15,0.15,inv_u,800,0.025,0.001,0.001,1.0991208017965741,1.0991208017965742e-4,reasonable,0.001,0.001,25,2,0.002,1,1000,4,4000,1000,TRUE,0.1,0,0.5,TRUE,4,timemachine,0.8463,-0.0019298015274322904,0.0067208854333163995,0,10000
